ensembl_gene_id,gene_name,chromosome,gene_type,go_ids,go_terms,ribosomal_evidence,ensembl_dataset,go_obo_source,filter_note
ENSG00000008988,RPS20,8,,GO:0002181;GO:0003723;GO:0003735;GO:0005515;GO:0005654;GO:0005737;GO:0005783;GO:0005829;GO:0005840;GO:0006412;GO:0015935;GO:0016020;GO:0022626;GO:0022627;GO:0045202;GO:0070062;GO:0097371;GO:1901798;GO:1990904;GO:1990948,MDM2/MDM4 family protein binding;RNA binding;cytoplasm;cytoplasmic translation;cytosol;cytosolic ribosome;cytosolic small ribosomal subunit;endoplasmic reticulum;extracellular exosome;membrane;nucleoplasm;positive regulation of signal transduction by p53 class mediator;protein binding;ribonucleoprotein complex;ribosome;small ribosomal subunit;structural constituent of ribosome;synapse;translation;ubiquitin ligase inhibitor activity,gene_name_pattern:RPL*/RPS*;go_terms:GO:0003735,mygene.info:v3;fetched=2026-01-12,http://purl.obolibrary.org/obo/go.obo,Structural ribosomal protein (RPL*/RPS* pattern) for QC
ENSG00000037241,RPL26L1,5,,GO:0002181;GO:0003723;GO:0003735;GO:0005515;GO:0005840;GO:0006412;GO:0015934;GO:0022625;GO:0042273;GO:0070062;GO:1990904,RNA binding;cytoplasmic translation;cytosolic large ribosomal subunit;extracellular exosome;large ribosomal subunit;protein binding;ribonucleoprotein complex;ribosomal large subunit biogenesis;ribosome;structural constituent of ribosome;translation,gene_name_pattern:RPL*/RPS*;go_terms:GO:0003735,mygene.info:v3;fetched=2026-01-12,http://purl.obolibrary.org/obo/go.obo,Structural ribosomal protein (RPL*/RPS* pattern) for QC
ENSG00000063177,RPL18,19,,GO:0002181;GO:0003723;GO:0003735;GO:0005515;GO:0005634;GO:0005737;GO:0005783;GO:0005791;GO:0005829;GO:0005840;GO:0005925;GO:0006412;GO:0006941;GO:0007283;GO:0016020;GO:0022625;GO:0022626;GO:1901740;GO:1990904,RNA binding;cytoplasm;cytoplasmic translation;cytosol;cytosolic large ribosomal subunit;cytosolic ribosome;endoplasmic reticulum;focal adhesion;membrane;negative regulation of myoblast fusion;nucleus;protein binding;ribonucleoprotein complex;ribosome;rough endoplasmic reticulum;spermatogenesis;striated muscle contraction;structural constituent of ribosome;translation,gene_name_pattern:RPL*/RPS*;go_terms:GO:0003735,mygene.info:v3;fetched=2026-01-12,http://purl.obolibrary.org/obo/go.obo,Structural ribosomal protein (RPL*/RPS* pattern) for QC
ENSG00000071082,RPL31,2,,GO:0002181;GO:0003723;GO:0003735;GO:0005515;GO:0005654;GO:0005737;GO:0005829;GO:0005840;GO:0005925;GO:0006412;GO:0006941;GO:0007283;GO:0015934;GO:0016020;GO:0022625;GO:0022626;GO:0045202;GO:0070062;GO:1901740;GO:1990904,RNA binding;cytoplasm;cytoplasmic translation;cytosol;cytosolic large ribosomal subunit;cytosolic ribosome;extracellular exosome;focal adhesion;large ribosomal subunit;membrane;negative regulation of myoblast fusion;nucleoplasm;protein binding;ribonucleoprotein complex;ribosome;spermatogenesis;striated muscle contraction;structural constituent of ribosome;synapse;translation,gene_name_pattern:RPL*/RPS*;go_terms:GO:0003735,mygene.info:v3;fetched=2026-01-12,http://purl.obolibrary.org/obo/go.obo,Structural ribosomal protein (RPL*/RPS* pattern) for QC
ENSG00000083845,RPS5,19,,GO:0002181;GO:0003723;GO:0003729;GO:0003735;GO:0005515;GO:0005654;GO:0005730;GO:0005737;GO:0005783;GO:0005829;GO:0005840;GO:0005925;GO:0006412;GO:0006413;GO:0006450;GO:0015935;GO:0016020;GO:0019843;GO:0022626;GO:0022627;GO:0032040;GO:0042274;GO:0045202;GO:0070062;GO:1990904,RNA binding;cytoplasm;cytoplasmic translation;cytosol;cytosolic ribosome;cytosolic small ribosomal subunit;endoplasmic reticulum;extracellular exosome;focal adhesion;mRNA binding;membrane;nucleolus;nucleoplasm;protein binding;rRNA binding;regulation of translational fidelity;ribonucleoprotein complex;ribosomal small subunit biogenesis;ribosome;small ribosomal subunit;small-subunit processome;structural constituent of ribosome;synapse;translation;translational initiation,gene_name_pattern:RPL*/RPS*;go_terms:GO:0003735,mygene.info:v3;fetched=2026-01-12,http://purl.obolibrary.org/obo/go.obo,Structural ribosomal protein (RPL*/RPS* pattern) for QC
ENSG00000089009,RPL6,12,,GO:0002181;GO:0003677;GO:0003723;GO:0003735;GO:0005515;GO:0005634;GO:0005737;GO:0005791;GO:0005829;GO:0005840;GO:0005925;GO:0006355;GO:0006412;GO:0006941;GO:0007283;GO:0014069;GO:0015934;GO:0016020;GO:0022625;GO:0022626;GO:0036464;GO:0045202;GO:0045296;GO:1901740;GO:1990904,DNA binding;RNA binding;cadherin binding;cytoplasm;cytoplasmic ribonucleoprotein granule;cytoplasmic translation;cytosol;cytosolic large ribosomal subunit;cytosolic ribosome;focal adhesion;large ribosomal subunit;membrane;negative regulation of myoblast fusion;nucleus;postsynaptic density;protein binding;regulation of DNA-templated transcription;ribonucleoprotein complex;ribosome;rough endoplasmic reticulum;spermatogenesis;striated muscle contraction;structural constituent of ribosome;synapse;translation,gene_name_pattern:RPL*/RPS*;go_terms:GO:0003735,mygene.info:v3;fetched=2026-01-12,http://purl.obolibrary.org/obo/go.obo,Structural ribosomal protein (RPL*/RPS* pattern) for QC
ENSG00000100316,RPL3,22,,GO:0002181;GO:0003723;GO:0003735;GO:0005515;GO:0005634;GO:0005730;GO:0005737;GO:0005829;GO:0005840;GO:0005925;GO:0006412;GO:0007283;GO:0022625;GO:0022626;GO:0032991;GO:0070062;GO:0071353;GO:1990904,RNA binding;cellular response to interleukin-4;cytoplasm;cytoplasmic translation;cytosol;cytosolic large ribosomal subunit;cytosolic ribosome;extracellular exosome;focal adhesion;nucleolus;nucleus;protein binding;protein-containing complex;ribonucleoprotein complex;ribosome;spermatogenesis;structural constituent of ribosome;translation,gene_name_pattern:RPL*/RPS*;go_terms:GO:0003735,mygene.info:v3;fetched=2026-01-12,http://purl.obolibrary.org/obo/go.obo,Structural ribosomal protein (RPL*/RPS* pattern) for QC
ENSG00000105193,RPS16,19,,GO:0000462;GO:0002181;GO:0003723;GO:0003735;GO:0005515;GO:0005654;GO:0005730;GO:0005737;GO:0005783;GO:0005829;GO:0005840;GO:0005925;GO:0006364;GO:0006412;GO:0015935;GO:0016020;GO:0022626;GO:0022627;GO:0032040;GO:0042274;GO:0045202;GO:0070062;GO:1990830;GO:1990904,"RNA binding;cellular response to leukemia inhibitory factor;cytoplasm;cytoplasmic translation;cytosol;cytosolic ribosome;cytosolic small ribosomal subunit;endoplasmic reticulum;extracellular exosome;focal adhesion;maturation of SSU-rRNA from tricistronic rRNA transcript (SSU-rRNA, 5.8S rRNA, LSU-rRNA);membrane;nucleolus;nucleoplasm;protein binding;rRNA processing;ribonucleoprotein complex;ribosomal small subunit biogenesis;ribosome;small ribosomal subunit;small-subunit processome;structural constituent of ribosome;synapse;translation",gene_name_pattern:RPL*/RPS*;go_terms:GO:0003735,mygene.info:v3;fetched=2026-01-12,http://purl.obolibrary.org/obo/go.obo,Structural ribosomal protein (RPL*/RPS* pattern) for QC
ENSG00000105372,RPS19,19,,GO:0000028;GO:0000462;GO:0002181;GO:0002548;GO:0003723;GO:0003735;GO:0005515;GO:0005654;GO:0005730;GO:0005737;GO:0005829;GO:0005840;GO:0005925;GO:0006364;GO:0006412;GO:0007000;GO:0014069;GO:0016020;GO:0017134;GO:0019901;GO:0022626;GO:0022627;GO:0030218;GO:0030490;GO:0031640;GO:0032040;GO:0042274;GO:0042802;GO:0050829;GO:0060265;GO:0060266;GO:0061844;GO:0070062;GO:1990904,"RNA binding;antimicrobial humoral immune response mediated by antimicrobial peptide;cytoplasm;cytoplasmic translation;cytosol;cytosolic ribosome;cytosolic small ribosomal subunit;defense response to Gram-negative bacterium;erythrocyte differentiation;extracellular exosome;fibroblast growth factor binding;focal adhesion;identical protein binding;killing of cells of another organism;maturation of SSU-rRNA;maturation of SSU-rRNA from tricistronic rRNA transcript (SSU-rRNA, 5.8S rRNA, LSU-rRNA);membrane;monocyte chemotaxis;negative regulation of respiratory burst involved in inflammatory response;nucleolus;nucleolus organization;nucleoplasm;positive regulation of respiratory burst involved in inflammatory response;postsynaptic density;protein binding;protein kinase binding;rRNA processing;ribonucleoprotein complex;ribosomal small subunit assembly;ribosomal small subunit biogenesis;ribosome;small-subunit processome;structural constituent of ribosome;translation",gene_name_pattern:RPL*/RPS*;go_terms:GO:0003735,mygene.info:v3;fetched=2026-01-12,http://purl.obolibrary.org/obo/go.obo,Structural ribosomal protein (RPL*/RPS* pattern) for QC
ENSG00000105640,RPL18A,19,,GO:0002181;GO:0003723;GO:0003735;GO:0005515;GO:0005737;GO:0005829;GO:0005840;GO:0006412;GO:0006941;GO:0007283;GO:0014069;GO:0016020;GO:0022625;GO:0022626;GO:1901740;GO:1990904,RNA binding;cytoplasm;cytoplasmic translation;cytosol;cytosolic large ribosomal subunit;cytosolic ribosome;membrane;negative regulation of myoblast fusion;postsynaptic density;protein binding;ribonucleoprotein complex;ribosome;spermatogenesis;striated muscle contraction;structural constituent of ribosome;translation,gene_name_pattern:RPL*/RPS*;go_terms:GO:0003735,mygene.info:v3;fetched=2026-01-12,http://purl.obolibrary.org/obo/go.obo,Structural ribosomal protein (RPL*/RPS* pattern) for QC
ENSG00000108107,RPL28,19,,GO:0002181;GO:0003723;GO:0003735;GO:0005515;GO:0005737;GO:0005783;GO:0005829;GO:0005840;GO:0006412;GO:0006941;GO:0007283;GO:0016020;GO:0022625;GO:0022626;GO:0030425;GO:0036464;GO:0044297;GO:0045202;GO:0070062;GO:1901740;GO:1990904,RNA binding;cell body;cytoplasm;cytoplasmic ribonucleoprotein granule;cytoplasmic translation;cytosol;cytosolic large ribosomal subunit;cytosolic ribosome;dendrite;endoplasmic reticulum;extracellular exosome;membrane;negative regulation of myoblast fusion;protein binding;ribonucleoprotein complex;ribosome;spermatogenesis;striated muscle contraction;structural constituent of ribosome;synapse;translation,gene_name_pattern:RPL*/RPS*;go_terms:GO:0003735,mygene.info:v3;fetched=2026-01-12,http://purl.obolibrary.org/obo/go.obo,Structural ribosomal protein (RPL*/RPS* pattern) for QC
ENSG00000108298,RPL19,17,,GO:0002181;GO:0003723;GO:0003735;GO:0005515;GO:0005730;GO:0005737;GO:0005829;GO:0005840;GO:0005925;GO:0006412;GO:0006941;GO:0007283;GO:0016020;GO:0022625;GO:0022626;GO:0045202;GO:1901740;GO:1990904,RNA binding;cytoplasm;cytoplasmic translation;cytosol;cytosolic large ribosomal subunit;cytosolic ribosome;focal adhesion;membrane;negative regulation of myoblast fusion;nucleolus;protein binding;ribonucleoprotein complex;ribosome;spermatogenesis;striated muscle contraction;structural constituent of ribosome;synapse;translation,gene_name_pattern:RPL*/RPS*;go_terms:GO:0003735,mygene.info:v3;fetched=2026-01-12,http://purl.obolibrary.org/obo/go.obo,Structural ribosomal protein (RPL*/RPS* pattern) for QC
ENSG00000109475,RPL34,4,,GO:0002181;GO:0003723;GO:0003735;GO:0005515;GO:0005737;GO:0005783;GO:0005829;GO:0005840;GO:0006412;GO:0006941;GO:0007283;GO:0022625;GO:0022626;GO:0045202;GO:0045296;GO:0070062;GO:1901740;GO:1990904,RNA binding;cadherin binding;cytoplasm;cytoplasmic translation;cytosol;cytosolic large ribosomal subunit;cytosolic ribosome;endoplasmic reticulum;extracellular exosome;negative regulation of myoblast fusion;protein binding;ribonucleoprotein complex;ribosome;spermatogenesis;striated muscle contraction;structural constituent of ribosome;synapse;translation,gene_name_pattern:RPL*/RPS*;go_terms:GO:0003735,mygene.info:v3;fetched=2026-01-12,http://purl.obolibrary.org/obo/go.obo,Structural ribosomal protein (RPL*/RPS* pattern) for QC
ENSG00000110700,RPS13,11,,GO:0002181;GO:0003723;GO:0003729;GO:0003735;GO:0005515;GO:0005634;GO:0005654;GO:0005730;GO:0005737;GO:0005829;GO:0005840;GO:0005925;GO:0006412;GO:0014069;GO:0016020;GO:0022626;GO:0022627;GO:0032040;GO:0033119;GO:0042274;GO:0048027;GO:0070062;GO:0070181;GO:1990904,RNA binding;cytoplasm;cytoplasmic translation;cytosol;cytosolic ribosome;cytosolic small ribosomal subunit;extracellular exosome;focal adhesion;mRNA 5'-UTR binding;mRNA binding;membrane;negative regulation of RNA splicing;nucleolus;nucleoplasm;nucleus;postsynaptic density;protein binding;ribonucleoprotein complex;ribosomal small subunit biogenesis;ribosome;small ribosomal subunit rRNA binding;small-subunit processome;structural constituent of ribosome;translation,gene_name_pattern:RPL*/RPS*;go_terms:GO:0003735,mygene.info:v3;fetched=2026-01-12,http://purl.obolibrary.org/obo/go.obo,Structural ribosomal protein (RPL*/RPS* pattern) for QC
ENSG00000112306,RPS12,6,,GO:0002181;GO:0003723;GO:0003735;GO:0005515;GO:0005654;GO:0005730;GO:0005737;GO:0005829;GO:0005840;GO:0006412;GO:0016020;GO:0022626;GO:0022627;GO:0032040;GO:0042274;GO:0090263;GO:1990145;GO:1990904,RNA binding;cytoplasm;cytoplasmic translation;cytosol;cytosolic ribosome;cytosolic small ribosomal subunit;maintenance of translational fidelity;membrane;nucleolus;nucleoplasm;positive regulation of canonical Wnt signaling pathway;protein binding;ribonucleoprotein complex;ribosomal small subunit biogenesis;ribosome;small-subunit processome;structural constituent of ribosome;translation,gene_name_pattern:RPL*/RPS*;go_terms:GO:0003735,mygene.info:v3;fetched=2026-01-12,http://purl.obolibrary.org/obo/go.obo,Structural ribosomal protein (RPL*/RPS* pattern) for QC
ENSG00000114391,RPL24,3,,GO:0000027;GO:0002181;GO:0003723;GO:0003729;GO:0003735;GO:0005515;GO:0005737;GO:0005783;GO:0005829;GO:0005840;GO:0006412;GO:0006941;GO:0007283;GO:0010458;GO:0016020;GO:0021554;GO:0022625;GO:0022626;GO:0031290;GO:0045202;GO:0045296;GO:0060041;GO:0070062;GO:1901740;GO:1990904,RNA binding;cadherin binding;cytoplasm;cytoplasmic translation;cytosol;cytosolic large ribosomal subunit;cytosolic ribosome;endoplasmic reticulum;exit from mitosis;extracellular exosome;mRNA binding;membrane;negative regulation of myoblast fusion;optic nerve development;protein binding;retina development in camera-type eye;retinal ganglion cell axon guidance;ribonucleoprotein complex;ribosomal large subunit assembly;ribosome;spermatogenesis;striated muscle contraction;structural constituent of ribosome;synapse;translation,gene_name_pattern:RPL*/RPS*;go_terms:GO:0003735,mygene.info:v3;fetched=2026-01-12,http://purl.obolibrary.org/obo/go.obo,Structural ribosomal protein (RPL*/RPS* pattern) for QC
ENSG00000115268,RPS15,19,,GO:0000028;GO:0000056;GO:0001649;GO:0002181;GO:0003677;GO:0003723;GO:0003735;GO:0005515;GO:0005634;GO:0005654;GO:0005737;GO:0005829;GO:0005840;GO:0005925;GO:0006364;GO:0006412;GO:0015935;GO:0016020;GO:0022626;GO:0022627;GO:0042274;GO:0045202;GO:0097371;GO:0097421;GO:1901798;GO:1990904;GO:1990948,DNA binding;MDM2/MDM4 family protein binding;RNA binding;cytoplasm;cytoplasmic translation;cytosol;cytosolic ribosome;cytosolic small ribosomal subunit;focal adhesion;liver regeneration;membrane;nucleoplasm;nucleus;osteoblast differentiation;positive regulation of signal transduction by p53 class mediator;protein binding;rRNA processing;ribonucleoprotein complex;ribosomal small subunit assembly;ribosomal small subunit biogenesis;ribosomal small subunit export from nucleus;ribosome;small ribosomal subunit;structural constituent of ribosome;synapse;translation;ubiquitin ligase inhibitor activity,gene_name_pattern:RPL*/RPS*;go_terms:GO:0003735,mygene.info:v3;fetched=2026-01-12,http://purl.obolibrary.org/obo/go.obo,Structural ribosomal protein (RPL*/RPS* pattern) for QC
ENSG00000116251,RPL22,1,,GO:0002181;GO:0003723;GO:0003735;GO:0005515;GO:0005634;GO:0005737;GO:0005829;GO:0005840;GO:0005925;GO:0006412;GO:0008201;GO:0022625;GO:0022626;GO:0042802;GO:0045202;GO:0046632;GO:0070062;GO:0098793;GO:0098978;GO:0140236;GO:1990904,RNA binding;alpha-beta T cell differentiation;cytoplasm;cytoplasmic translation;cytosol;cytosolic large ribosomal subunit;cytosolic ribosome;extracellular exosome;focal adhesion;glutamatergic synapse;heparin binding;identical protein binding;nucleus;presynapse;protein binding;ribonucleoprotein complex;ribosome;structural constituent of ribosome;synapse;translation;translation at presynapse,gene_name_pattern:RPL*/RPS*;go_terms:GO:0003735,mygene.info:v3;fetched=2026-01-12,http://purl.obolibrary.org/obo/go.obo,Structural ribosomal protein (RPL*/RPS* pattern) for QC
ENSG00000118181,RPS25,11,,GO:0002181;GO:0003723;GO:0003735;GO:0005515;GO:0005634;GO:0005654;GO:0005730;GO:0005737;GO:0005783;GO:0005829;GO:0005840;GO:0006364;GO:0006412;GO:0014069;GO:0015935;GO:0022626;GO:0022627;GO:0042274;GO:0045202;GO:0070062;GO:1990904,RNA binding;cytoplasm;cytoplasmic translation;cytosol;cytosolic ribosome;cytosolic small ribosomal subunit;endoplasmic reticulum;extracellular exosome;nucleolus;nucleoplasm;nucleus;postsynaptic density;protein binding;rRNA processing;ribonucleoprotein complex;ribosomal small subunit biogenesis;ribosome;small ribosomal subunit;structural constituent of ribosome;synapse;translation,gene_name_pattern:RPL*/RPS*;go_terms:GO:0003735,mygene.info:v3;fetched=2026-01-12,http://purl.obolibrary.org/obo/go.obo,Structural ribosomal protein (RPL*/RPS* pattern) for QC
ENSG00000122026,RPL21,13,,GO:0001650;GO:0002181;GO:0003723;GO:0003735;GO:0005515;GO:0005737;GO:0005783;GO:0005829;GO:0005840;GO:0006412;GO:0006941;GO:0007283;GO:0016020;GO:0022625;GO:0022626;GO:0045202;GO:1901740;GO:1990904,RNA binding;cytoplasm;cytoplasmic translation;cytosol;cytosolic large ribosomal subunit;cytosolic ribosome;endoplasmic reticulum;fibrillar center;membrane;negative regulation of myoblast fusion;protein binding;ribonucleoprotein complex;ribosome;spermatogenesis;striated muscle contraction;structural constituent of ribosome;synapse;translation,gene_name_pattern:RPL*/RPS*;go_terms:GO:0003735,mygene.info:v3;fetched=2026-01-12,http://purl.obolibrary.org/obo/go.obo,Structural ribosomal protein (RPL*/RPS* pattern) for QC
ENSG00000122406,RPL5,1,,GO:0000027;GO:0002181;GO:0003723;GO:0003730;GO:0003735;GO:0005515;GO:0005634;GO:0005654;GO:0005730;GO:0005737;GO:0005783;GO:0005829;GO:0005840;GO:0005925;GO:0006364;GO:0006412;GO:0006941;GO:0007283;GO:0008097;GO:0016020;GO:0019843;GO:0022625;GO:0022626;GO:0031625;GO:0032991;GO:0042273;GO:0045727;GO:0048027;GO:0070062;GO:1901740;GO:1901796;GO:1990904;GO:1990948;GO:2000059,5S rRNA binding;RNA binding;cytoplasm;cytoplasmic translation;cytosol;cytosolic large ribosomal subunit;cytosolic ribosome;endoplasmic reticulum;extracellular exosome;focal adhesion;mRNA 3'-UTR binding;mRNA 5'-UTR binding;membrane;negative regulation of myoblast fusion;negative regulation of ubiquitin-dependent protein catabolic process;nucleolus;nucleoplasm;nucleus;positive regulation of translation;protein binding;protein-containing complex;rRNA binding;rRNA processing;regulation of signal transduction by p53 class mediator;ribonucleoprotein complex;ribosomal large subunit assembly;ribosomal large subunit biogenesis;ribosome;spermatogenesis;striated muscle contraction;structural constituent of ribosome;translation;ubiquitin ligase inhibitor activity;ubiquitin protein ligase binding,gene_name_pattern:RPL*/RPS*;go_terms:GO:0003735,mygene.info:v3;fetched=2026-01-12,http://purl.obolibrary.org/obo/go.obo,Structural ribosomal protein (RPL*/RPS* pattern) for QC
ENSG00000124614,RPS10,6,,GO:0002181;GO:0003723;GO:0003735;GO:0005515;GO:0005654;GO:0005730;GO:0005737;GO:0005829;GO:0005840;GO:0005925;GO:0006412;GO:0016020;GO:0022626;GO:0022627;GO:0045202;GO:1990904,RNA binding;cytoplasm;cytoplasmic translation;cytosol;cytosolic ribosome;cytosolic small ribosomal subunit;focal adhesion;membrane;nucleolus;nucleoplasm;protein binding;ribonucleoprotein complex;ribosome;structural constituent of ribosome;synapse;translation,gene_name_pattern:RPL*/RPS*;go_terms:GO:0003735,mygene.info:v3;fetched=2026-01-12,http://purl.obolibrary.org/obo/go.obo,Structural ribosomal protein (RPL*/RPS* pattern) for QC
ENSG00000125691,RPL23,17,,GO:0000122;GO:0001223;GO:0002181;GO:0003723;GO:0003735;GO:0005515;GO:0005654;GO:0005730;GO:0005737;GO:0005829;GO:0005840;GO:0005925;GO:0006412;GO:0006610;GO:0006941;GO:0007283;GO:0008284;GO:0015934;GO:0016020;GO:0022625;GO:0022626;GO:0031625;GO:0032986;GO:0032991;GO:0045202;GO:0050821;GO:0070062;GO:0070180;GO:0070314;GO:1901740;GO:1901798;GO:1903450;GO:1990904;GO:1990948;GO:2000059,G1 to G0 transition;RNA binding;cytoplasm;cytoplasmic translation;cytosol;cytosolic large ribosomal subunit;cytosolic ribosome;extracellular exosome;focal adhesion;large ribosomal subunit;large ribosomal subunit rRNA binding;membrane;negative regulation of myoblast fusion;negative regulation of transcription by RNA polymerase II;negative regulation of ubiquitin-dependent protein catabolic process;nucleolus;nucleoplasm;positive regulation of cell population proliferation;positive regulation of signal transduction by p53 class mediator;protein binding;protein stabilization;protein-DNA complex disassembly;protein-containing complex;regulation of G1 to G0 transition;ribonucleoprotein complex;ribosomal protein import into nucleus;ribosome;spermatogenesis;striated muscle contraction;structural constituent of ribosome;synapse;transcription coactivator binding;translation;ubiquitin ligase inhibitor activity;ubiquitin protein ligase binding,gene_name_pattern:RPL*/RPS*;go_terms:GO:0003735,mygene.info:v3;fetched=2026-01-12,http://purl.obolibrary.org/obo/go.obo,Structural ribosomal protein (RPL*/RPS* pattern) for QC
ENSG00000129824,RPS4Y1,Y,,GO:0003723;GO:0003735;GO:0005634;GO:0005654;GO:0005829;GO:0005840;GO:0006412;GO:0016020;GO:0019843;GO:0022627;GO:1990904,RNA binding;cytosol;cytosolic small ribosomal subunit;membrane;nucleoplasm;nucleus;rRNA binding;ribonucleoprotein complex;ribosome;structural constituent of ribosome;translation,gene_name_pattern:RPL*/RPS*;go_terms:GO:0003735,mygene.info:v3;fetched=2026-01-12,http://purl.obolibrary.org/obo/go.obo,Structural ribosomal protein (RPL*/RPS* pattern) for QC
ENSG00000130255,RPL36,19,,GO:0002181;GO:0003723;GO:0003735;GO:0005730;GO:0005737;GO:0005829;GO:0005840;GO:0006412;GO:0006941;GO:0007283;GO:0016020;GO:0022625;GO:0022626;GO:0045202;GO:1901740;GO:1990904,RNA binding;cytoplasm;cytoplasmic translation;cytosol;cytosolic large ribosomal subunit;cytosolic ribosome;membrane;negative regulation of myoblast fusion;nucleolus;ribonucleoprotein complex;ribosome;spermatogenesis;striated muscle contraction;structural constituent of ribosome;synapse;translation,gene_name_pattern:RPL*/RPS*;go_terms:GO:0003735,mygene.info:v3;fetched=2026-01-12,http://purl.obolibrary.org/obo/go.obo,Structural ribosomal protein (RPL*/RPS* pattern) for QC
ENSG00000131469,RPL27,17,,GO:0002181;GO:0003723;GO:0003735;GO:0005515;GO:0005634;GO:0005654;GO:0005730;GO:0005737;GO:0005791;GO:0005829;GO:0005840;GO:0005925;GO:0006364;GO:0006412;GO:0006941;GO:0007283;GO:0016020;GO:0022625;GO:0022626;GO:0045202;GO:0070062;GO:0098556;GO:1901740;GO:1990904,RNA binding;cytoplasm;cytoplasmic side of rough endoplasmic reticulum membrane;cytoplasmic translation;cytosol;cytosolic large ribosomal subunit;cytosolic ribosome;extracellular exosome;focal adhesion;membrane;negative regulation of myoblast fusion;nucleolus;nucleoplasm;nucleus;protein binding;rRNA processing;ribonucleoprotein complex;ribosome;rough endoplasmic reticulum;spermatogenesis;striated muscle contraction;structural constituent of ribosome;synapse;translation,gene_name_pattern:RPL*/RPS*;go_terms:GO:0003735,mygene.info:v3;fetched=2026-01-12,http://purl.obolibrary.org/obo/go.obo,Structural ribosomal protein (RPL*/RPS* pattern) for QC
ENSG00000134419,RPS15A,16,,GO:0002181;GO:0003723;GO:0003735;GO:0005515;GO:0005654;GO:0005730;GO:0005737;GO:0005829;GO:0005840;GO:0006412;GO:0008284;GO:0009615;GO:0016020;GO:0022626;GO:0022627;GO:0032040;GO:0042274;GO:0045787;GO:0070062;GO:1990904,RNA binding;cytoplasm;cytoplasmic translation;cytosol;cytosolic ribosome;cytosolic small ribosomal subunit;extracellular exosome;membrane;nucleolus;nucleoplasm;positive regulation of cell cycle;positive regulation of cell population proliferation;protein binding;response to virus;ribonucleoprotein complex;ribosomal small subunit biogenesis;ribosome;small-subunit processome;structural constituent of ribosome;translation,gene_name_pattern:RPL*/RPS*;go_terms:GO:0003735,mygene.info:v3;fetched=2026-01-12,http://purl.obolibrary.org/obo/go.obo,Structural ribosomal protein (RPL*/RPS* pattern) for QC
ENSG00000136942,RPL35,9,,GO:0000463;GO:0002181;GO:0003723;GO:0003729;GO:0003735;GO:0005515;GO:0005730;GO:0005737;GO:0005829;GO:0005840;GO:0006412;GO:0006941;GO:0007283;GO:0015934;GO:0016020;GO:0022625;GO:0022626;GO:1901740;GO:1990904,"RNA binding;cytoplasm;cytoplasmic translation;cytosol;cytosolic large ribosomal subunit;cytosolic ribosome;large ribosomal subunit;mRNA binding;maturation of LSU-rRNA from tricistronic rRNA transcript (SSU-rRNA, 5.8S rRNA, LSU-rRNA);membrane;negative regulation of myoblast fusion;nucleolus;protein binding;ribonucleoprotein complex;ribosome;spermatogenesis;striated muscle contraction;structural constituent of ribosome;translation",gene_name_pattern:RPL*/RPS*;go_terms:GO:0003735,mygene.info:v3;fetched=2026-01-12,http://purl.obolibrary.org/obo/go.obo,Structural ribosomal protein (RPL*/RPS* pattern) for QC
ENSG00000137154,RPS6,9,,GO:0000028;GO:0002181;GO:0003723;GO:0003729;GO:0003735;GO:0005515;GO:0005634;GO:0005654;GO:0005730;GO:0005737;GO:0005783;GO:0005829;GO:0005840;GO:0006364;GO:0006412;GO:0008284;GO:0015935;GO:0016020;GO:0019901;GO:0022626;GO:0022627;GO:0030425;GO:0031929;GO:0032040;GO:0032868;GO:0036464;GO:0042274;GO:0042593;GO:0043065;GO:0044297;GO:0071361;GO:0098793;GO:0098982;GO:1903347;GO:1990904,GABA-ergic synapse;RNA binding;TOR signaling;cell body;cellular response to ethanol;cytoplasm;cytoplasmic ribonucleoprotein granule;cytoplasmic translation;cytosol;cytosolic ribosome;cytosolic small ribosomal subunit;dendrite;endoplasmic reticulum;glucose homeostasis;mRNA binding;membrane;negative regulation of bicellular tight junction assembly;nucleolus;nucleoplasm;nucleus;positive regulation of apoptotic process;positive regulation of cell population proliferation;presynapse;protein binding;protein kinase binding;rRNA processing;response to insulin;ribonucleoprotein complex;ribosomal small subunit assembly;ribosomal small subunit biogenesis;ribosome;small ribosomal subunit;small-subunit processome;structural constituent of ribosome;translation,gene_name_pattern:RPL*/RPS*;go_terms:GO:0003735,mygene.info:v3;fetched=2026-01-12,http://purl.obolibrary.org/obo/go.obo,Structural ribosomal protein (RPL*/RPS* pattern) for QC
ENSG00000138326,RPS24,10,,GO:0002181;GO:0003723;GO:0003735;GO:0005515;GO:0005634;GO:0005654;GO:0005730;GO:0005737;GO:0005783;GO:0005829;GO:0005840;GO:0006364;GO:0006412;GO:0015935;GO:0016020;GO:0022626;GO:0022627;GO:0031369;GO:0032040;GO:0034101;GO:0042274;GO:1990904,RNA binding;cytoplasm;cytoplasmic translation;cytosol;cytosolic ribosome;cytosolic small ribosomal subunit;endoplasmic reticulum;erythrocyte homeostasis;membrane;nucleolus;nucleoplasm;nucleus;protein binding;rRNA processing;ribonucleoprotein complex;ribosomal small subunit biogenesis;ribosome;small ribosomal subunit;small-subunit processome;structural constituent of ribosome;translation;translation initiation factor binding,gene_name_pattern:RPL*/RPS*;go_terms:GO:0003735,mygene.info:v3;fetched=2026-01-12,http://purl.obolibrary.org/obo/go.obo,Structural ribosomal protein (RPL*/RPS* pattern) for QC
ENSG00000140986,RPL3L,16,,GO:0002181;GO:0003723;GO:0003735;GO:0005737;GO:0005840;GO:0006412;GO:0006941;GO:0010832;GO:0016020;GO:0016202;GO:0022625;GO:1901740;GO:1990904,RNA binding;cytoplasm;cytoplasmic translation;cytosolic large ribosomal subunit;membrane;negative regulation of myoblast fusion;negative regulation of myotube differentiation;regulation of striated muscle tissue development;ribonucleoprotein complex;ribosome;striated muscle contraction;structural constituent of ribosome;translation,gene_name_pattern:RPL*/RPS*;go_terms:GO:0003735,mygene.info:v3;fetched=2026-01-12,http://purl.obolibrary.org/obo/go.obo,Structural ribosomal protein (RPL*/RPS* pattern) for QC
ENSG00000142534,RPS11,19,,GO:0002181;GO:0003723;GO:0003735;GO:0005515;GO:0005654;GO:0005730;GO:0005737;GO:0005829;GO:0005840;GO:0005925;GO:0006412;GO:0016020;GO:0019843;GO:0022626;GO:0022627;GO:0032040;GO:0042274;GO:0045202;GO:0070062;GO:1990904,RNA binding;cytoplasm;cytoplasmic translation;cytosol;cytosolic ribosome;cytosolic small ribosomal subunit;extracellular exosome;focal adhesion;membrane;nucleolus;nucleoplasm;protein binding;rRNA binding;ribonucleoprotein complex;ribosomal small subunit biogenesis;ribosome;small-subunit processome;structural constituent of ribosome;synapse;translation,gene_name_pattern:RPL*/RPS*;go_terms:GO:0003735,mygene.info:v3;fetched=2026-01-12,http://purl.obolibrary.org/obo/go.obo,Structural ribosomal protein (RPL*/RPS* pattern) for QC
ENSG00000142541,RPL13A,19,,GO:0002181;GO:0003723;GO:0003729;GO:0003735;GO:0005634;GO:0005730;GO:0005737;GO:0005829;GO:0005840;GO:0005925;GO:0006412;GO:0006417;GO:0006941;GO:0007283;GO:0015934;GO:0016020;GO:0017148;GO:0022625;GO:0022626;GO:0032496;GO:0042592;GO:0045202;GO:0048246;GO:0060425;GO:0071346;GO:0097452;GO:1901194;GO:1901740;GO:1990904,GAIT complex;RNA binding;cellular response to type II interferon;cytoplasm;cytoplasmic translation;cytosol;cytosolic large ribosomal subunit;cytosolic ribosome;focal adhesion;homeostatic process;large ribosomal subunit;lung morphogenesis;mRNA binding;macrophage chemotaxis;membrane;negative regulation of formation of translation preinitiation complex;negative regulation of myoblast fusion;negative regulation of translation;nucleolus;nucleus;regulation of translation;response to lipopolysaccharide;ribonucleoprotein complex;ribosome;spermatogenesis;striated muscle contraction;structural constituent of ribosome;synapse;translation,gene_name_pattern:RPL*/RPS*;go_terms:GO:0003735,mygene.info:v3;fetched=2026-01-12,http://purl.obolibrary.org/obo/go.obo,Structural ribosomal protein (RPL*/RPS* pattern) for QC
ENSG00000142676,RPL11,1,,GO:0000027;GO:0002181;GO:0003723;GO:0003735;GO:0005515;GO:0005654;GO:0005730;GO:0005737;GO:0005829;GO:0005840;GO:0006364;GO:0006412;GO:0006605;GO:0006941;GO:0007283;GO:0008097;GO:0016020;GO:0019843;GO:0022625;GO:0022626;GO:0031625;GO:0032435;GO:0032991;GO:0034504;GO:0042273;GO:0070062;GO:1901740;GO:1901796;GO:1901798;GO:1990904;GO:1990948;GO:2000059,5S rRNA binding;RNA binding;cytoplasm;cytoplasmic translation;cytosol;cytosolic large ribosomal subunit;cytosolic ribosome;extracellular exosome;membrane;negative regulation of myoblast fusion;negative regulation of proteasomal ubiquitin-dependent protein catabolic process;negative regulation of ubiquitin-dependent protein catabolic process;nucleolus;nucleoplasm;positive regulation of signal transduction by p53 class mediator;protein binding;protein localization to nucleus;protein targeting;protein-containing complex;rRNA binding;rRNA processing;regulation of signal transduction by p53 class mediator;ribonucleoprotein complex;ribosomal large subunit assembly;ribosomal large subunit biogenesis;ribosome;spermatogenesis;striated muscle contraction;structural constituent of ribosome;translation;ubiquitin ligase inhibitor activity;ubiquitin protein ligase binding,gene_name_pattern:RPL*/RPS*;go_terms:GO:0003735,mygene.info:v3;fetched=2026-01-12,http://purl.obolibrary.org/obo/go.obo,Structural ribosomal protein (RPL*/RPS* pattern) for QC
ENSG00000142937,RPS8,1,,GO:0000462;GO:0002181;GO:0003723;GO:0003735;GO:0005515;GO:0005634;GO:0005654;GO:0005730;GO:0005737;GO:0005783;GO:0005829;GO:0005840;GO:0005925;GO:0006412;GO:0016020;GO:0022626;GO:0022627;GO:0032040;GO:0042274;GO:0070062;GO:1990904,"RNA binding;cytoplasm;cytoplasmic translation;cytosol;cytosolic ribosome;cytosolic small ribosomal subunit;endoplasmic reticulum;extracellular exosome;focal adhesion;maturation of SSU-rRNA from tricistronic rRNA transcript (SSU-rRNA, 5.8S rRNA, LSU-rRNA);membrane;nucleolus;nucleoplasm;nucleus;protein binding;ribonucleoprotein complex;ribosomal small subunit biogenesis;ribosome;small-subunit processome;structural constituent of ribosome;translation",gene_name_pattern:RPL*/RPS*;go_terms:GO:0003735,mygene.info:v3;fetched=2026-01-12,http://purl.obolibrary.org/obo/go.obo,Structural ribosomal protein (RPL*/RPS* pattern) for QC
ENSG00000143947,RPS27A,2,,GO:0002181;GO:0003723;GO:0003735;GO:0005515;GO:0005615;GO:0005634;GO:0005654;GO:0005730;GO:0005737;GO:0005741;GO:0005783;GO:0005789;GO:0005829;GO:0005840;GO:0005886;GO:0006412;GO:0008270;GO:0010008;GO:0015935;GO:0016020;GO:0016567;GO:0019941;GO:0022626;GO:0022627;GO:0030666;GO:0031386;GO:0031982;GO:0032040;GO:0042274;GO:0045202;GO:0046872;GO:0070062;GO:1990904,RNA binding;cytoplasm;cytoplasmic translation;cytosol;cytosolic ribosome;cytosolic small ribosomal subunit;endocytic vesicle membrane;endoplasmic reticulum;endoplasmic reticulum membrane;endosome membrane;extracellular exosome;extracellular space;membrane;metal ion binding;mitochondrial outer membrane;modification-dependent protein catabolic process;nucleolus;nucleoplasm;nucleus;plasma membrane;protein binding;protein tag activity;protein ubiquitination;ribonucleoprotein complex;ribosomal small subunit biogenesis;ribosome;small ribosomal subunit;small-subunit processome;structural constituent of ribosome;synapse;translation;vesicle;zinc ion binding,gene_name_pattern:RPL*/RPS*;go_terms:GO:0003735,mygene.info:v3;fetched=2026-01-12,http://purl.obolibrary.org/obo/go.obo,Structural ribosomal protein (RPL*/RPS* pattern) for QC
ENSG00000144713,RPL32,3,,GO:0002181;GO:0003723;GO:0003735;GO:0005515;GO:0005737;GO:0005829;GO:0005840;GO:0006412;GO:0006941;GO:0007283;GO:0016020;GO:0022625;GO:0022626;GO:1901740;GO:1990904,RNA binding;cytoplasm;cytoplasmic translation;cytosol;cytosolic large ribosomal subunit;cytosolic ribosome;membrane;negative regulation of myoblast fusion;protein binding;ribonucleoprotein complex;ribosome;spermatogenesis;striated muscle contraction;structural constituent of ribosome;translation,gene_name_pattern:RPL*/RPS*;go_terms:GO:0003735,mygene.info:v3;fetched=2026-01-12,http://purl.obolibrary.org/obo/go.obo,Structural ribosomal protein (RPL*/RPS* pattern) for QC
ENSG00000145425,RPS3A,4,,GO:0002181;GO:0003723;GO:0003735;GO:0005515;GO:0005634;GO:0005654;GO:0005730;GO:0005737;GO:0005783;GO:0005829;GO:0005840;GO:0005925;GO:0006412;GO:0006413;GO:0022626;GO:0022627;GO:0030154;GO:0032040;GO:0042274;GO:0043066;GO:0048027;GO:0070062;GO:1990904,RNA binding;cell differentiation;cytoplasm;cytoplasmic translation;cytosol;cytosolic ribosome;cytosolic small ribosomal subunit;endoplasmic reticulum;extracellular exosome;focal adhesion;mRNA 5'-UTR binding;negative regulation of apoptotic process;nucleolus;nucleoplasm;nucleus;protein binding;ribonucleoprotein complex;ribosomal small subunit biogenesis;ribosome;small-subunit processome;structural constituent of ribosome;translation;translational initiation,gene_name_pattern:RPL*/RPS*;go_terms:GO:0003735,mygene.info:v3;fetched=2026-01-12,http://purl.obolibrary.org/obo/go.obo,Structural ribosomal protein (RPL*/RPS* pattern) for QC
ENSG00000145592,RPL37,5,,GO:0002181;GO:0003723;GO:0003735;GO:0005737;GO:0005829;GO:0005840;GO:0006412;GO:0006941;GO:0007283;GO:0008270;GO:0019843;GO:0022625;GO:0022626;GO:0045202;GO:0046872;GO:0097371;GO:1901740;GO:1901798;GO:1990904;GO:1990948,MDM2/MDM4 family protein binding;RNA binding;cytoplasm;cytoplasmic translation;cytosol;cytosolic large ribosomal subunit;cytosolic ribosome;metal ion binding;negative regulation of myoblast fusion;positive regulation of signal transduction by p53 class mediator;rRNA binding;ribonucleoprotein complex;ribosome;spermatogenesis;striated muscle contraction;structural constituent of ribosome;synapse;translation;ubiquitin ligase inhibitor activity;zinc ion binding,gene_name_pattern:RPL*/RPS*;go_terms:GO:0003735,mygene.info:v3;fetched=2026-01-12,http://purl.obolibrary.org/obo/go.obo,Structural ribosomal protein (RPL*/RPS* pattern) for QC
ENSG00000146223,RPL7L1,6,,GO:0000463;GO:0001825;GO:0003723;GO:0003735;GO:0005515;GO:0005730;GO:0005739;GO:0005840;GO:0022625;GO:1990904,"RNA binding;blastocyst formation;cytosolic large ribosomal subunit;maturation of LSU-rRNA from tricistronic rRNA transcript (SSU-rRNA, 5.8S rRNA, LSU-rRNA);mitochondrion;nucleolus;protein binding;ribonucleoprotein complex;ribosome;structural constituent of ribosome",gene_name_pattern:RPL*/RPS*;go_terms:GO:0003735,mygene.info:v3;fetched=2026-01-12,http://purl.obolibrary.org/obo/go.obo,Structural ribosomal protein (RPL*/RPS* pattern) for QC
ENSG00000147403,RPL10,X,,GO:0000122;GO:0002181;GO:0003723;GO:0003735;GO:0005515;GO:0005634;GO:0005737;GO:0005783;GO:0005790;GO:0005829;GO:0005840;GO:0006412;GO:0006417;GO:0006941;GO:0016020;GO:0022625;GO:0022626;GO:0032991;GO:0035556;GO:0045182;GO:1901740;GO:1990403;GO:1990904,RNA binding;cytoplasm;cytoplasmic translation;cytosol;cytosolic large ribosomal subunit;cytosolic ribosome;embryonic brain development;endoplasmic reticulum;intracellular signal transduction;membrane;negative regulation of myoblast fusion;negative regulation of transcription by RNA polymerase II;nucleus;protein binding;protein-containing complex;regulation of translation;ribonucleoprotein complex;ribosome;smooth endoplasmic reticulum;striated muscle contraction;structural constituent of ribosome;translation;translation regulator activity,gene_name_pattern:RPL*/RPS*;go_terms:GO:0003735,mygene.info:v3;fetched=2026-01-12,http://purl.obolibrary.org/obo/go.obo,Structural ribosomal protein (RPL*/RPS* pattern) for QC
ENSG00000147604,RPL7,8,,GO:0000463;GO:0002181;GO:0003677;GO:0003723;GO:0003729;GO:0003735;GO:0005515;GO:0005634;GO:0005730;GO:0005737;GO:0005829;GO:0005840;GO:0005925;GO:0006364;GO:0006412;GO:0006941;GO:0007283;GO:0014069;GO:0016020;GO:0022625;GO:0022626;GO:0042273;GO:0042802;GO:1901740;GO:1990904,"DNA binding;RNA binding;cytoplasm;cytoplasmic translation;cytosol;cytosolic large ribosomal subunit;cytosolic ribosome;focal adhesion;identical protein binding;mRNA binding;maturation of LSU-rRNA from tricistronic rRNA transcript (SSU-rRNA, 5.8S rRNA, LSU-rRNA);membrane;negative regulation of myoblast fusion;nucleolus;nucleus;postsynaptic density;protein binding;rRNA processing;ribonucleoprotein complex;ribosomal large subunit biogenesis;ribosome;spermatogenesis;striated muscle contraction;structural constituent of ribosome;translation",gene_name_pattern:RPL*/RPS*;go_terms:GO:0003735,mygene.info:v3;fetched=2026-01-12,http://purl.obolibrary.org/obo/go.obo,Structural ribosomal protein (RPL*/RPS* pattern) for QC
ENSG00000148303,RPL7A,9,,GO:0000470;GO:0002181;GO:0003723;GO:0003735;GO:0005515;GO:0005634;GO:0005730;GO:0005737;GO:0005829;GO:0005840;GO:0005925;GO:0006412;GO:0006941;GO:0007283;GO:0016020;GO:0022625;GO:0022626;GO:0042254;GO:0045202;GO:0045296;GO:1901740;GO:1990904,RNA binding;cadherin binding;cytoplasm;cytoplasmic translation;cytosol;cytosolic large ribosomal subunit;cytosolic ribosome;focal adhesion;maturation of LSU-rRNA;membrane;negative regulation of myoblast fusion;nucleolus;nucleus;protein binding;ribonucleoprotein complex;ribosome;ribosome biogenesis;spermatogenesis;striated muscle contraction;structural constituent of ribosome;synapse;translation,gene_name_pattern:RPL*/RPS*;go_terms:GO:0003735,mygene.info:v3;fetched=2026-01-12,http://purl.obolibrary.org/obo/go.obo,Structural ribosomal protein (RPL*/RPS* pattern) for QC
ENSG00000149273,RPS3,11,,GO:0001228;GO:0002181;GO:0002183;GO:0003677;GO:0003684;GO:0003723;GO:0003729;GO:0003735;GO:0003906;GO:0004520;GO:0005515;GO:0005634;GO:0005654;GO:0005730;GO:0005737;GO:0005743;GO:0005759;GO:0005783;GO:0005819;GO:0005829;GO:0005840;GO:0005886;GO:0005925;GO:0006281;GO:0006284;GO:0006412;GO:0006417;GO:0006915;GO:0006974;GO:0007059;GO:0008017;GO:0010628;GO:0014069;GO:0015631;GO:0015935;GO:0016020;GO:0016829;GO:0017148;GO:0019104;GO:0019899;GO:0019900;GO:0019901;GO:0022626;GO:0022627;GO:0030544;GO:0031116;GO:0031397;GO:0032357;GO:0032358;GO:0032587;GO:0034614;GO:0042981;GO:0044390;GO:0045202;GO:0045738;GO:0045739;GO:0045944;GO:0051018;GO:0051225;GO:0051301;GO:0051536;GO:0051879;GO:0061481;GO:0070062;GO:0070181;GO:0070301;GO:0071159;GO:0072686;GO:0097100;GO:0140078;GO:0140297;GO:1901224;GO:1902231;GO:1905053;GO:1990904;GO:2000144;GO:2001235,"DNA N-glycosylase activity;DNA binding;DNA damage response;DNA endonuclease activity;DNA repair;DNA-(apurinic or apyrimidinic site) endonuclease activity;DNA-binding transcription activator activity, RNA polymerase II-specific;DNA-binding transcription factor binding;Hsp70 protein binding;Hsp90 protein binding;NF-kappaB complex;RNA binding;apoptotic process;base-excision repair;cell division;cellular response to hydrogen peroxide;cellular response to reactive oxygen species;chromosome segregation;class I DNA-(apurinic or apyrimidinic site) endonuclease activity;cytoplasm;cytoplasmic translation;cytoplasmic translational initiation;cytosol;cytosolic ribosome;cytosolic small ribosomal subunit;damaged DNA binding;endoplasmic reticulum;enzyme binding;extracellular exosome;focal adhesion;iron-sulfur cluster binding;kinase binding;lyase activity;mRNA binding;membrane;microtubule binding;mitochondrial inner membrane;mitochondrial matrix;mitotic spindle;negative regulation of DNA repair;negative regulation of protein ubiquitination;negative regulation of translation;nucleolus;nucleoplasm;nucleus;oxidized purine DNA binding;oxidized pyrimidine DNA binding;plasma membrane;positive regulation of DNA repair;positive regulation of DNA-templated transcription initiation;positive regulation of apoptotic signaling pathway;positive regulation of base-excision repair;positive regulation of gene expression;positive regulation of intrinsic apoptotic signaling pathway in response to DNA damage;positive regulation of microtubule polymerization;positive regulation of non-canonical NF-kappaB signal transduction;positive regulation of transcription by RNA polymerase II;postsynaptic density;protein binding;protein kinase A binding;protein kinase binding;regulation of apoptotic process;regulation of translation;response to TNF agonist;ribonucleoprotein complex;ribosome;ruffle membrane;small ribosomal subunit;small ribosomal subunit rRNA binding;spindle;spindle assembly;structural constituent of ribosome;supercoiled DNA binding;synapse;translation;tubulin binding;ubiquitin-like protein conjugating enzyme binding",gene_name_pattern:RPL*/RPS*;go_terms:GO:0003735,mygene.info:v3;fetched=2026-01-12,http://purl.obolibrary.org/obo/go.obo,Structural ribosomal protein (RPL*/RPS* pattern) for QC
ENSG00000156482,RPL30,8,,GO:0002181;GO:0003723;GO:0003735;GO:0005515;GO:0005634;GO:0005737;GO:0005829;GO:0005840;GO:0005925;GO:0006412;GO:0006941;GO:0007283;GO:0014069;GO:0016020;GO:0022625;GO:0022626;GO:0031640;GO:0045202;GO:0050829;GO:0061844;GO:0070062;GO:1901740;GO:1990904,RNA binding;antimicrobial humoral immune response mediated by antimicrobial peptide;cytoplasm;cytoplasmic translation;cytosol;cytosolic large ribosomal subunit;cytosolic ribosome;defense response to Gram-negative bacterium;extracellular exosome;focal adhesion;killing of cells of another organism;membrane;negative regulation of myoblast fusion;nucleus;postsynaptic density;protein binding;ribonucleoprotein complex;ribosome;spermatogenesis;striated muscle contraction;structural constituent of ribosome;synapse;translation,gene_name_pattern:RPL*/RPS*;go_terms:GO:0003735,mygene.info:v3;fetched=2026-01-12,http://purl.obolibrary.org/obo/go.obo,Structural ribosomal protein (RPL*/RPS* pattern) for QC
ENSG00000161016,RPL8,8,,GO:0002181;GO:0003723;GO:0003735;GO:0005515;GO:0005654;GO:0005730;GO:0005737;GO:0005783;GO:0005829;GO:0005840;GO:0005925;GO:0006412;GO:0006941;GO:0007283;GO:0014069;GO:0015934;GO:0016020;GO:0019843;GO:0022625;GO:0022626;GO:0045202;GO:0098794;GO:1901740;GO:1990904,RNA binding;cytoplasm;cytoplasmic translation;cytosol;cytosolic large ribosomal subunit;cytosolic ribosome;endoplasmic reticulum;focal adhesion;large ribosomal subunit;membrane;negative regulation of myoblast fusion;nucleolus;nucleoplasm;postsynapse;postsynaptic density;protein binding;rRNA binding;ribonucleoprotein complex;ribosome;spermatogenesis;striated muscle contraction;structural constituent of ribosome;synapse;translation,gene_name_pattern:RPL*/RPS*;go_terms:GO:0003735,mygene.info:v3;fetched=2026-01-12,http://purl.obolibrary.org/obo/go.obo,Structural ribosomal protein (RPL*/RPS* pattern) for QC
ENSG00000161970,RPL26,17,,GO:0002181;GO:0003723;GO:0003735;GO:0005515;GO:0005654;GO:0005730;GO:0005737;GO:0005829;GO:0005840;GO:0006364;GO:0006412;GO:0015934;GO:0016020;GO:0022625;GO:0022626;GO:0030330;GO:0034644;GO:0042273;GO:0043517;GO:0045727;GO:0048027;GO:0070062;GO:0071480;GO:1902167;GO:1904803;GO:1990904,"DNA damage response, signal transduction by p53 class mediator;RNA binding;cellular response to UV;cellular response to gamma radiation;cytoplasm;cytoplasmic translation;cytosol;cytosolic large ribosomal subunit;cytosolic ribosome;extracellular exosome;large ribosomal subunit;mRNA 5'-UTR binding;membrane;nucleolus;nucleoplasm;positive regulation of DNA damage response, signal transduction by p53 class mediator;positive regulation of intrinsic apoptotic signaling pathway in response to DNA damage by p53 class mediator;positive regulation of translation;protein binding;rRNA processing;regulation of translation involved in cellular response to UV;ribonucleoprotein complex;ribosomal large subunit biogenesis;ribosome;structural constituent of ribosome;translation",gene_name_pattern:RPL*/RPS*;go_terms:GO:0003735,mygene.info:v3;fetched=2026-01-12,http://purl.obolibrary.org/obo/go.obo,Structural ribosomal protein (RPL*/RPS* pattern) for QC
ENSG00000162244,RPL29,3,,GO:0002181;GO:0003723;GO:0003735;GO:0005730;GO:0005737;GO:0005783;GO:0005829;GO:0005840;GO:0006412;GO:0006941;GO:0007283;GO:0007566;GO:0008201;GO:0016020;GO:0022625;GO:0022626;GO:0045296;GO:1901740;GO:1990904,RNA binding;cadherin binding;cytoplasm;cytoplasmic translation;cytosol;cytosolic large ribosomal subunit;cytosolic ribosome;embryo implantation;endoplasmic reticulum;heparin binding;membrane;negative regulation of myoblast fusion;nucleolus;ribonucleoprotein complex;ribosome;spermatogenesis;striated muscle contraction;structural constituent of ribosome;translation,gene_name_pattern:RPL*/RPS*;go_terms:GO:0003735,mygene.info:v3;fetched=2026-01-12,http://purl.obolibrary.org/obo/go.obo,Structural ribosomal protein (RPL*/RPS* pattern) for QC
ENSG00000163584,RPL22L1,3,,GO:0002181;GO:0003723;GO:0003735;GO:0005515;GO:0005737;GO:0005840;GO:0006412;GO:1990904,RNA binding;cytoplasm;cytoplasmic translation;protein binding;ribonucleoprotein complex;ribosome;structural constituent of ribosome;translation,gene_name_pattern:RPL*/RPS*;go_terms:GO:0003735,mygene.info:v3;fetched=2026-01-12,http://purl.obolibrary.org/obo/go.obo,Structural ribosomal protein (RPL*/RPS* pattern) for QC
ENSG00000163682,RPL9,4,,GO:0002181;GO:0003723;GO:0003735;GO:0005515;GO:0005634;GO:0005730;GO:0005737;GO:0005783;GO:0005829;GO:0005840;GO:0005925;GO:0006412;GO:0006941;GO:0007283;GO:0016020;GO:0019843;GO:0022625;GO:0022626;GO:1901740;GO:1990904,RNA binding;cytoplasm;cytoplasmic translation;cytosol;cytosolic large ribosomal subunit;cytosolic ribosome;endoplasmic reticulum;focal adhesion;membrane;negative regulation of myoblast fusion;nucleolus;nucleus;protein binding;rRNA binding;ribonucleoprotein complex;ribosome;spermatogenesis;striated muscle contraction;structural constituent of ribosome;translation,gene_name_pattern:RPL*/RPS*;go_terms:GO:0003735,mygene.info:v3;fetched=2026-01-12,http://purl.obolibrary.org/obo/go.obo,Structural ribosomal protein (RPL*/RPS* pattern) for QC
ENSG00000163923,RPL39L,3,,GO:0002181;GO:0003735;GO:0005515;GO:0005737;GO:0005840;GO:0006412;GO:0007283;GO:0022625;GO:1990904,cytoplasm;cytoplasmic translation;cytosolic large ribosomal subunit;protein binding;ribonucleoprotein complex;ribosome;spermatogenesis;structural constituent of ribosome;translation,gene_name_pattern:RPL*/RPS*;go_terms:GO:0003735,mygene.info:v3;fetched=2026-01-12,http://purl.obolibrary.org/obo/go.obo,Structural ribosomal protein (RPL*/RPS* pattern) for QC
ENSG00000164587,RPS14,5,,GO:0000028;GO:0000122;GO:0002181;GO:0003723;GO:0003735;GO:0005515;GO:0005654;GO:0005730;GO:0005737;GO:0005783;GO:0005829;GO:0005840;GO:0005925;GO:0006412;GO:0014069;GO:0016020;GO:0022626;GO:0022627;GO:0030218;GO:0030490;GO:0032040;GO:0042274;GO:0045202;GO:0048027;GO:0070062;GO:1990904,RNA binding;cytoplasm;cytoplasmic translation;cytosol;cytosolic ribosome;cytosolic small ribosomal subunit;endoplasmic reticulum;erythrocyte differentiation;extracellular exosome;focal adhesion;mRNA 5'-UTR binding;maturation of SSU-rRNA;membrane;negative regulation of transcription by RNA polymerase II;nucleolus;nucleoplasm;postsynaptic density;protein binding;ribonucleoprotein complex;ribosomal small subunit assembly;ribosomal small subunit biogenesis;ribosome;small-subunit processome;structural constituent of ribosome;synapse;translation,gene_name_pattern:RPL*/RPS*;go_terms:GO:0003735,mygene.info:v3;fetched=2026-01-12,http://purl.obolibrary.org/obo/go.obo,Structural ribosomal protein (RPL*/RPS* pattern) for QC
ENSG00000165496,RPL10L,14,,GO:0000027;GO:0002181;GO:0003735;GO:0005515;GO:0005634;GO:0005737;GO:0005840;GO:0006412;GO:0007141;GO:0007283;GO:0016020;GO:0022625;GO:0030154;GO:0051321;GO:1990904,cell differentiation;cytoplasm;cytoplasmic translation;cytosolic large ribosomal subunit;male meiosis I;meiotic cell cycle;membrane;nucleus;protein binding;ribonucleoprotein complex;ribosomal large subunit assembly;ribosome;spermatogenesis;structural constituent of ribosome;translation,gene_name_pattern:RPL*/RPS*;go_terms:GO:0003735,mygene.info:v3;fetched=2026-01-12,http://purl.obolibrary.org/obo/go.obo,Structural ribosomal protein (RPL*/RPS* pattern) for QC
ENSG00000165502,RPL36AL,14,,GO:0002181;GO:0003735;GO:0005515;GO:0005634;GO:0005737;GO:0005840;GO:0006412;GO:0022625;GO:1990904,cytoplasm;cytoplasmic translation;cytosolic large ribosomal subunit;nucleus;protein binding;ribonucleoprotein complex;ribosome;structural constituent of ribosome;translation,gene_name_pattern:RPL*/RPS*;go_terms:GO:0003735,mygene.info:v3;fetched=2026-01-12,http://purl.obolibrary.org/obo/go.obo,Structural ribosomal protein (RPL*/RPS* pattern) for QC
ENSG00000166441,RPL27A,11,,GO:0002181;GO:0003723;GO:0003735;GO:0005515;GO:0005654;GO:0005737;GO:0005783;GO:0005829;GO:0005840;GO:0006412;GO:0006941;GO:0007283;GO:0015934;GO:0016020;GO:0022625;GO:0022626;GO:0045202;GO:1901740;GO:1990904,RNA binding;cytoplasm;cytoplasmic translation;cytosol;cytosolic large ribosomal subunit;cytosolic ribosome;endoplasmic reticulum;large ribosomal subunit;membrane;negative regulation of myoblast fusion;nucleoplasm;protein binding;ribonucleoprotein complex;ribosome;spermatogenesis;striated muscle contraction;structural constituent of ribosome;synapse;translation,gene_name_pattern:RPL*/RPS*;go_terms:GO:0003735,mygene.info:v3;fetched=2026-01-12,http://purl.obolibrary.org/obo/go.obo,Structural ribosomal protein (RPL*/RPS* pattern) for QC
ENSG00000167526,RPL13,16,,GO:0002181;GO:0003723;GO:0003735;GO:0005515;GO:0005634;GO:0005730;GO:0005737;GO:0005783;GO:0005829;GO:0005840;GO:0006412;GO:0006941;GO:0007283;GO:0016020;GO:0022625;GO:0022626;GO:0045202;GO:0060348;GO:1901740;GO:1990904,RNA binding;bone development;cytoplasm;cytoplasmic translation;cytosol;cytosolic large ribosomal subunit;cytosolic ribosome;endoplasmic reticulum;membrane;negative regulation of myoblast fusion;nucleolus;nucleus;protein binding;ribonucleoprotein complex;ribosome;spermatogenesis;striated muscle contraction;structural constituent of ribosome;synapse;translation,gene_name_pattern:RPL*/RPS*;go_terms:GO:0003735,mygene.info:v3;fetched=2026-01-12,http://purl.obolibrary.org/obo/go.obo,Structural ribosomal protein (RPL*/RPS* pattern) for QC
ENSG00000171858,RPS21,20,,GO:0000447;GO:0000461;GO:0001701;GO:0002181;GO:0003723;GO:0003735;GO:0005515;GO:0005654;GO:0005737;GO:0005791;GO:0005829;GO:0005840;GO:0006412;GO:0015935;GO:0022626;GO:0022627;GO:0045202;GO:1990904,"RNA binding;cytoplasm;cytoplasmic translation;cytosol;cytosolic ribosome;cytosolic small ribosomal subunit;endonucleolytic cleavage in ITS1 to separate SSU-rRNA from 5.8S rRNA and LSU-rRNA from tricistronic rRNA transcript (SSU-rRNA, 5.8S rRNA, LSU-rRNA);endonucleolytic cleavage to generate mature 3'-end of SSU-rRNA from (SSU-rRNA, 5.8S rRNA, LSU-rRNA);in utero embryonic development;nucleoplasm;protein binding;ribonucleoprotein complex;ribosome;rough endoplasmic reticulum;small ribosomal subunit;structural constituent of ribosome;synapse;translation",gene_name_pattern:RPL*/RPS*;go_terms:GO:0003735,mygene.info:v3;fetched=2026-01-12,http://purl.obolibrary.org/obo/go.obo,Structural ribosomal protein (RPL*/RPS* pattern) for QC
ENSG00000171863,RPS7,2,,GO:0001843;GO:0002181;GO:0003723;GO:0003730;GO:0003735;GO:0005515;GO:0005634;GO:0005654;GO:0005730;GO:0005737;GO:0005813;GO:0005829;GO:0005840;GO:0005925;GO:0006364;GO:0006412;GO:0016020;GO:0019901;GO:0022626;GO:0022627;GO:0030154;GO:0032040;GO:0032991;GO:0042274;GO:0045202;GO:0048027;GO:1902255;GO:1990904;GO:1990948;GO:2000059,RNA binding;cell differentiation;centrosome;cytoplasm;cytoplasmic translation;cytosol;cytosolic ribosome;cytosolic small ribosomal subunit;focal adhesion;mRNA 3'-UTR binding;mRNA 5'-UTR binding;membrane;negative regulation of ubiquitin-dependent protein catabolic process;neural tube closure;nucleolus;nucleoplasm;nucleus;positive regulation of intrinsic apoptotic signaling pathway by p53 class mediator;protein binding;protein kinase binding;protein-containing complex;rRNA processing;ribonucleoprotein complex;ribosomal small subunit biogenesis;ribosome;small-subunit processome;structural constituent of ribosome;synapse;translation;ubiquitin ligase inhibitor activity,gene_name_pattern:RPL*/RPS*;go_terms:GO:0003735,mygene.info:v3;fetched=2026-01-12,http://purl.obolibrary.org/obo/go.obo,Structural ribosomal protein (RPL*/RPS* pattern) for QC
ENSG00000172809,RPL38,17,,GO:0001501;GO:0001503;GO:0002181;GO:0003723;GO:0003735;GO:0005515;GO:0005737;GO:0005783;GO:0005829;GO:0005840;GO:0005925;GO:0006412;GO:0006417;GO:0006941;GO:0007283;GO:0007605;GO:0014069;GO:0022618;GO:0022625;GO:0022626;GO:0033291;GO:0034463;GO:0042474;GO:0045202;GO:0048318;GO:1901740;GO:1990904,90S preribosome assembly;RNA binding;axial mesoderm development;cytoplasm;cytoplasmic translation;cytosol;cytosolic large ribosomal subunit;cytosolic ribosome;endoplasmic reticulum;eukaryotic 80S initiation complex;focal adhesion;middle ear morphogenesis;negative regulation of myoblast fusion;ossification;postsynaptic density;protein binding;protein-RNA complex assembly;regulation of translation;ribonucleoprotein complex;ribosome;sensory perception of sound;skeletal system development;spermatogenesis;striated muscle contraction;structural constituent of ribosome;synapse;translation,gene_name_pattern:RPL*/RPS*;go_terms:GO:0003735,mygene.info:v3;fetched=2026-01-12,http://purl.obolibrary.org/obo/go.obo,Structural ribosomal protein (RPL*/RPS* pattern) for QC
ENSG00000174444,RPL4,15,,GO:0002181;GO:0003723;GO:0003735;GO:0005515;GO:0005634;GO:0005730;GO:0005737;GO:0005791;GO:0005829;GO:0005840;GO:0005925;GO:0006412;GO:0006941;GO:0007283;GO:0016020;GO:0022625;GO:0022626;GO:0070062;GO:1901740;GO:1990904,RNA binding;cytoplasm;cytoplasmic translation;cytosol;cytosolic large ribosomal subunit;cytosolic ribosome;extracellular exosome;focal adhesion;membrane;negative regulation of myoblast fusion;nucleolus;nucleus;protein binding;ribonucleoprotein complex;ribosome;rough endoplasmic reticulum;spermatogenesis;striated muscle contraction;structural constituent of ribosome;translation,gene_name_pattern:RPL*/RPS*;go_terms:GO:0003735,mygene.info:v3;fetched=2026-01-12,http://purl.obolibrary.org/obo/go.obo,Structural ribosomal protein (RPL*/RPS* pattern) for QC
ENSG00000174748,RPL15,3,,GO:0002181;GO:0003723;GO:0003735;GO:0005515;GO:0005634;GO:0005737;GO:0005829;GO:0005840;GO:0006412;GO:0006941;GO:0007283;GO:0022625;GO:0022626;GO:0044391;GO:0045202;GO:0045296;GO:1901740;GO:1990904,RNA binding;cadherin binding;cytoplasm;cytoplasmic translation;cytosol;cytosolic large ribosomal subunit;cytosolic ribosome;negative regulation of myoblast fusion;nucleus;protein binding;ribonucleoprotein complex;ribosomal subunit;ribosome;spermatogenesis;striated muscle contraction;structural constituent of ribosome;synapse;translation,gene_name_pattern:RPL*/RPS*;go_terms:GO:0003735,mygene.info:v3;fetched=2026-01-12,http://purl.obolibrary.org/obo/go.obo,Structural ribosomal protein (RPL*/RPS* pattern) for QC
ENSG00000177954,RPS27,1,,GO:0000028;GO:0002181;GO:0003677;GO:0003723;GO:0003735;GO:0005515;GO:0005634;GO:0005654;GO:0005730;GO:0005737;GO:0005829;GO:0005840;GO:0006364;GO:0006412;GO:0008270;GO:0014069;GO:0022626;GO:0022627;GO:0032040;GO:0042274;GO:0046872;GO:0098793;GO:0098978;GO:0098982;GO:1990904,DNA binding;GABA-ergic synapse;RNA binding;cytoplasm;cytoplasmic translation;cytosol;cytosolic ribosome;cytosolic small ribosomal subunit;glutamatergic synapse;metal ion binding;nucleolus;nucleoplasm;nucleus;postsynaptic density;presynapse;protein binding;rRNA processing;ribonucleoprotein complex;ribosomal small subunit assembly;ribosomal small subunit biogenesis;ribosome;small-subunit processome;structural constituent of ribosome;translation;zinc ion binding,gene_name_pattern:RPL*/RPS*;go_terms:GO:0003735,mygene.info:v3;fetched=2026-01-12,http://purl.obolibrary.org/obo/go.obo,Structural ribosomal protein (RPL*/RPS* pattern) for QC
ENSG00000182774,RPS17,15,,GO:0002181;GO:0003723;GO:0003735;GO:0005654;GO:0005730;GO:0005737;GO:0005829;GO:0005840;GO:0005925;GO:0006364;GO:0006412;GO:0006413;GO:0016020;GO:0022626;GO:0022627;GO:0032040;GO:0034101;GO:0042274;GO:1990904,RNA binding;cytoplasm;cytoplasmic translation;cytosol;cytosolic ribosome;cytosolic small ribosomal subunit;erythrocyte homeostasis;focal adhesion;membrane;nucleolus;nucleoplasm;rRNA processing;ribonucleoprotein complex;ribosomal small subunit biogenesis;ribosome;small-subunit processome;structural constituent of ribosome;translation;translational initiation,gene_name_pattern:RPL*/RPS*;go_terms:GO:0003735,mygene.info:v3;fetched=2026-01-12,http://purl.obolibrary.org/obo/go.obo,Structural ribosomal protein (RPL*/RPS* pattern) for QC
ENSG00000182899,RPL35A,3,,GO:0000049;GO:0002181;GO:0003723;GO:0003735;GO:0005515;GO:0005737;GO:0005829;GO:0005840;GO:0006364;GO:0006412;GO:0006941;GO:0007283;GO:0016020;GO:0022625;GO:0022626;GO:0042273;GO:0045202;GO:0070062;GO:1901740;GO:1990904,RNA binding;cytoplasm;cytoplasmic translation;cytosol;cytosolic large ribosomal subunit;cytosolic ribosome;extracellular exosome;membrane;negative regulation of myoblast fusion;protein binding;rRNA processing;ribonucleoprotein complex;ribosomal large subunit biogenesis;ribosome;spermatogenesis;striated muscle contraction;structural constituent of ribosome;synapse;tRNA binding;translation,gene_name_pattern:RPL*/RPS*;go_terms:GO:0003735,mygene.info:v3;fetched=2026-01-12,http://purl.obolibrary.org/obo/go.obo,Structural ribosomal protein (RPL*/RPS* pattern) for QC
ENSG00000185088,RPS27L,15,,GO:0000028;GO:0003723;GO:0003735;GO:0005515;GO:0005634;GO:0005730;GO:0005783;GO:0005829;GO:0005840;GO:0006412;GO:0008270;GO:0008494;GO:0022627;GO:0030330;GO:0031571;GO:0042771;GO:0045727;GO:0046872;GO:1990904,"DNA damage response, signal transduction by p53 class mediator;RNA binding;cytosol;cytosolic small ribosomal subunit;endoplasmic reticulum;intrinsic apoptotic signaling pathway in response to DNA damage by p53 class mediator;metal ion binding;mitotic G1 DNA damage checkpoint signaling;nucleolus;nucleus;positive regulation of translation;protein binding;ribonucleoprotein complex;ribosomal small subunit assembly;ribosome;structural constituent of ribosome;translation;translation activator activity;zinc ion binding",gene_name_pattern:RPL*/RPS*;go_terms:GO:0003735,mygene.info:v3;fetched=2026-01-12,http://purl.obolibrary.org/obo/go.obo,Structural ribosomal protein (RPL*/RPS* pattern) for QC
ENSG00000186468,RPS23,5,,GO:0002181;GO:0003723;GO:0003735;GO:0005515;GO:0005654;GO:0005730;GO:0005737;GO:0005791;GO:0005829;GO:0005840;GO:0006412;GO:0015935;GO:0016020;GO:0022626;GO:0022627;GO:0032040;GO:0034063;GO:0042274;GO:0045202;GO:1990145;GO:1990904,RNA binding;cytoplasm;cytoplasmic translation;cytosol;cytosolic ribosome;cytosolic small ribosomal subunit;maintenance of translational fidelity;membrane;nucleolus;nucleoplasm;protein binding;ribonucleoprotein complex;ribosomal small subunit biogenesis;ribosome;rough endoplasmic reticulum;small ribosomal subunit;small-subunit processome;stress granule assembly;structural constituent of ribosome;synapse;translation,gene_name_pattern:RPL*/RPS*;go_terms:GO:0003735,mygene.info:v3;fetched=2026-01-12,http://purl.obolibrary.org/obo/go.obo,Structural ribosomal protein (RPL*/RPS* pattern) for QC
ENSG00000188846,RPL14,3,,GO:0002181;GO:0003723;GO:0003735;GO:0005515;GO:0005737;GO:0005783;GO:0005829;GO:0005840;GO:0006364;GO:0006412;GO:0006941;GO:0007283;GO:0014069;GO:0015934;GO:0016020;GO:0022625;GO:0022626;GO:0042273;GO:0045296;GO:0070062;GO:1901740;GO:1990904,RNA binding;cadherin binding;cytoplasm;cytoplasmic translation;cytosol;cytosolic large ribosomal subunit;cytosolic ribosome;endoplasmic reticulum;extracellular exosome;large ribosomal subunit;membrane;negative regulation of myoblast fusion;postsynaptic density;protein binding;rRNA processing;ribonucleoprotein complex;ribosomal large subunit biogenesis;ribosome;spermatogenesis;striated muscle contraction;structural constituent of ribosome;translation,gene_name_pattern:RPL*/RPS*;go_terms:GO:0003735,mygene.info:v3;fetched=2026-01-12,http://purl.obolibrary.org/obo/go.obo,Structural ribosomal protein (RPL*/RPS* pattern) for QC
ENSG00000197728,RPS26,12,,GO:0002181;GO:0003723;GO:0003729;GO:0003735;GO:0005515;GO:0005654;GO:0005730;GO:0005737;GO:0005783;GO:0005791;GO:0005829;GO:0005840;GO:0006412;GO:0015935;GO:0016020;GO:0022626;GO:0022627;GO:0033119;GO:0045202;GO:0045296;GO:0070062;GO:0098556;GO:1990904,RNA binding;cadherin binding;cytoplasm;cytoplasmic side of rough endoplasmic reticulum membrane;cytoplasmic translation;cytosol;cytosolic ribosome;cytosolic small ribosomal subunit;endoplasmic reticulum;extracellular exosome;mRNA binding;membrane;negative regulation of RNA splicing;nucleolus;nucleoplasm;protein binding;ribonucleoprotein complex;ribosome;rough endoplasmic reticulum;small ribosomal subunit;structural constituent of ribosome;synapse;translation,gene_name_pattern:RPL*/RPS*;go_terms:GO:0003735,mygene.info:v3;fetched=2026-01-12,http://purl.obolibrary.org/obo/go.obo,Structural ribosomal protein (RPL*/RPS* pattern) for QC
ENSG00000197756,RPL37A,2,,GO:0002181;GO:0003723;GO:0003735;GO:0005515;GO:0005634;GO:0005737;GO:0005829;GO:0005840;GO:0005925;GO:0006412;GO:0006941;GO:0007283;GO:0008270;GO:0022625;GO:0022626;GO:0045202;GO:0046872;GO:0070062;GO:1901740;GO:1990904,RNA binding;cytoplasm;cytoplasmic translation;cytosol;cytosolic large ribosomal subunit;cytosolic ribosome;extracellular exosome;focal adhesion;metal ion binding;negative regulation of myoblast fusion;nucleus;protein binding;ribonucleoprotein complex;ribosome;spermatogenesis;striated muscle contraction;structural constituent of ribosome;synapse;translation;zinc ion binding,gene_name_pattern:RPL*/RPS*;go_terms:GO:0003735,mygene.info:v3;fetched=2026-01-12,http://purl.obolibrary.org/obo/go.obo,Structural ribosomal protein (RPL*/RPS* pattern) for QC
ENSG00000197958,RPL12,9,,GO:0002181;GO:0003723;GO:0003735;GO:0005515;GO:0005737;GO:0005829;GO:0005840;GO:0005925;GO:0006412;GO:0006941;GO:0007283;GO:0014069;GO:0016020;GO:0022625;GO:0022626;GO:0070062;GO:0070180;GO:1901740;GO:1990904,RNA binding;cytoplasm;cytoplasmic translation;cytosol;cytosolic large ribosomal subunit;cytosolic ribosome;extracellular exosome;focal adhesion;large ribosomal subunit rRNA binding;membrane;negative regulation of myoblast fusion;postsynaptic density;protein binding;ribonucleoprotein complex;ribosome;spermatogenesis;striated muscle contraction;structural constituent of ribosome;translation,gene_name_pattern:RPL*/RPS*;go_terms:GO:0003735,mygene.info:v3;fetched=2026-01-12,http://purl.obolibrary.org/obo/go.obo,Structural ribosomal protein (RPL*/RPS* pattern) for QC
ENSG00000198034,RPS4X,X,,GO:0002181;GO:0003723;GO:0003735;GO:0005515;GO:0005654;GO:0005730;GO:0005737;GO:0005829;GO:0005840;GO:0005925;GO:0006412;GO:0008284;GO:0015935;GO:0016020;GO:0019843;GO:0022626;GO:0022627;GO:0032040;GO:0036464;GO:0042274;GO:0045727;GO:0070062;GO:1990904,RNA binding;cytoplasm;cytoplasmic ribonucleoprotein granule;cytoplasmic translation;cytosol;cytosolic ribosome;cytosolic small ribosomal subunit;extracellular exosome;focal adhesion;membrane;nucleolus;nucleoplasm;positive regulation of cell population proliferation;positive regulation of translation;protein binding;rRNA binding;ribonucleoprotein complex;ribosomal small subunit biogenesis;ribosome;small ribosomal subunit;small-subunit processome;structural constituent of ribosome;translation,gene_name_pattern:RPL*/RPS*;go_terms:GO:0003735,mygene.info:v3;fetched=2026-01-12,http://purl.obolibrary.org/obo/go.obo,Structural ribosomal protein (RPL*/RPS* pattern) for QC
ENSG00000198242,RPL23A,17,,GO:0002181;GO:0003723;GO:0003735;GO:0005515;GO:0005634;GO:0005730;GO:0005737;GO:0005829;GO:0005840;GO:0006412;GO:0006941;GO:0007283;GO:0019843;GO:0022625;GO:0022626;GO:0045296;GO:0070062;GO:1901740;GO:1904841;GO:1990904,RNA binding;TORC2 complex binding;cadherin binding;cytoplasm;cytoplasmic translation;cytosol;cytosolic large ribosomal subunit;cytosolic ribosome;extracellular exosome;negative regulation of myoblast fusion;nucleolus;nucleus;protein binding;rRNA binding;ribonucleoprotein complex;ribosome;spermatogenesis;striated muscle contraction;structural constituent of ribosome;translation,gene_name_pattern:RPL*/RPS*;go_terms:GO:0003735,mygene.info:v3;fetched=2026-01-12,http://purl.obolibrary.org/obo/go.obo,Structural ribosomal protein (RPL*/RPS* pattern) for QC
ENSG00000198755,RPL10A,6,,GO:0002181;GO:0003723;GO:0003735;GO:0005515;GO:0005634;GO:0005730;GO:0005737;GO:0005783;GO:0005829;GO:0005840;GO:0005925;GO:0006412;GO:0006941;GO:0007283;GO:0014069;GO:0015934;GO:0016020;GO:0022625;GO:0022626;GO:0045471;GO:0070062;GO:1901740;GO:1990904,RNA binding;cytoplasm;cytoplasmic translation;cytosol;cytosolic large ribosomal subunit;cytosolic ribosome;endoplasmic reticulum;extracellular exosome;focal adhesion;large ribosomal subunit;membrane;negative regulation of myoblast fusion;nucleolus;nucleus;postsynaptic density;protein binding;response to ethanol;ribonucleoprotein complex;ribosome;spermatogenesis;striated muscle contraction;structural constituent of ribosome;translation,gene_name_pattern:RPL*/RPS*;go_terms:GO:0003735,mygene.info:v3;fetched=2026-01-12,http://purl.obolibrary.org/obo/go.obo,Structural ribosomal protein (RPL*/RPS* pattern) for QC
ENSG00000198918,RPL39,X,,GO:0002181;GO:0002227;GO:0003723;GO:0003735;GO:0005615;GO:0005737;GO:0005829;GO:0005840;GO:0006412;GO:0006941;GO:0019731;GO:0022625;GO:0022626;GO:0050830;GO:0061844;GO:1901740;GO:1990904,RNA binding;antibacterial humoral response;antimicrobial humoral immune response mediated by antimicrobial peptide;cytoplasm;cytoplasmic translation;cytosol;cytosolic large ribosomal subunit;cytosolic ribosome;defense response to Gram-positive bacterium;extracellular space;innate immune response in mucosa;negative regulation of myoblast fusion;ribonucleoprotein complex;ribosome;striated muscle contraction;structural constituent of ribosome;translation,gene_name_pattern:RPL*/RPS*;go_terms:GO:0003735,mygene.info:v3;fetched=2026-01-12,http://purl.obolibrary.org/obo/go.obo,Structural ribosomal protein (RPL*/RPS* pattern) for QC
ENSG00000213741,RPS29,14,,GO:0002181;GO:0003735;GO:0005654;GO:0005737;GO:0005783;GO:0005791;GO:0005829;GO:0005840;GO:0005925;GO:0006412;GO:0008270;GO:0015935;GO:0022626;GO:0022627;GO:0046872;GO:0070062;GO:0098556;GO:1990904,cytoplasm;cytoplasmic side of rough endoplasmic reticulum membrane;cytoplasmic translation;cytosol;cytosolic ribosome;cytosolic small ribosomal subunit;endoplasmic reticulum;extracellular exosome;focal adhesion;metal ion binding;nucleoplasm;ribonucleoprotein complex;ribosome;rough endoplasmic reticulum;small ribosomal subunit;structural constituent of ribosome;translation;zinc ion binding,gene_name_pattern:RPL*/RPS*;go_terms:GO:0003735,mygene.info:v3;fetched=2026-01-12,http://purl.obolibrary.org/obo/go.obo,Structural ribosomal protein (RPL*/RPS* pattern) for QC
ENSG00000223367,RPS18,6,,GO:0002181;GO:0003676;GO:0003723;GO:0003735;GO:0005515;GO:0005634;GO:0005654;GO:0005737;GO:0005829;GO:0005840;GO:0005925;GO:0006412;GO:0014069;GO:0015935;GO:0016020;GO:0019843;GO:0022626;GO:0022627;GO:0045202;GO:0070062;GO:1990904,RNA binding;cytoplasm;cytoplasmic translation;cytosol;cytosolic ribosome;cytosolic small ribosomal subunit;extracellular exosome;focal adhesion;membrane;nucleic acid binding;nucleoplasm;nucleus;postsynaptic density;protein binding;rRNA binding;ribonucleoprotein complex;ribosome;small ribosomal subunit;structural constituent of ribosome;synapse;translation,gene_name_pattern:RPL*/RPS*;go_terms:GO:0003735,mygene.info:v3;fetched=2026-01-12,http://purl.obolibrary.org/obo/go.obo,Structural ribosomal protein (RPL*/RPS* pattern) for QC
ENSG00000229117,RPL41,12,,GO:0002181;GO:0003723;GO:0003730;GO:0003735;GO:0005515;GO:0005737;GO:0005783;GO:0005829;GO:0005840;GO:0006412;GO:0006941;GO:0007283;GO:0022625;GO:0048027;GO:1901740;GO:1990904,RNA binding;cytoplasm;cytoplasmic translation;cytosol;cytosolic large ribosomal subunit;endoplasmic reticulum;mRNA 3'-UTR binding;mRNA 5'-UTR binding;negative regulation of myoblast fusion;protein binding;ribonucleoprotein complex;ribosome;spermatogenesis;striated muscle contraction;structural constituent of ribosome;translation,gene_name_pattern:RPL*/RPS*;go_terms:GO:0003735,mygene.info:v3;fetched=2026-01-12,http://purl.obolibrary.org/obo/go.obo,Structural ribosomal protein (RPL*/RPS* pattern) for QC
ENSG00000233927,RPS28,19,,GO:0000028;GO:0002181;GO:0003723;GO:0003735;GO:0005515;GO:0005654;GO:0005730;GO:0005737;GO:0005791;GO:0005829;GO:0005840;GO:0006364;GO:0006412;GO:0015935;GO:0022626;GO:0022627;GO:0030490;GO:0032040;GO:0042254;GO:0042274;GO:0045202;GO:0070062;GO:0098556;GO:1990904,RNA binding;cytoplasm;cytoplasmic side of rough endoplasmic reticulum membrane;cytoplasmic translation;cytosol;cytosolic ribosome;cytosolic small ribosomal subunit;extracellular exosome;maturation of SSU-rRNA;nucleolus;nucleoplasm;protein binding;rRNA processing;ribonucleoprotein complex;ribosomal small subunit assembly;ribosomal small subunit biogenesis;ribosome;ribosome biogenesis;rough endoplasmic reticulum;small ribosomal subunit;small-subunit processome;structural constituent of ribosome;synapse;translation,gene_name_pattern:RPL*/RPS*;go_terms:GO:0003735,mygene.info:v3;fetched=2026-01-12,http://purl.obolibrary.org/obo/go.obo,Structural ribosomal protein (RPL*/RPS* pattern) for QC
ENSG00000241343,RPL36A,X,,GO:0002181;GO:0003723;GO:0003735;GO:0005515;GO:0005737;GO:0005783;GO:0005829;GO:0005840;GO:0006412;GO:0006941;GO:0022625;GO:0022626;GO:1901740;GO:1990904,RNA binding;cytoplasm;cytoplasmic translation;cytosol;cytosolic large ribosomal subunit;cytosolic ribosome;endoplasmic reticulum;negative regulation of myoblast fusion;protein binding;ribonucleoprotein complex;ribosome;striated muscle contraction;structural constituent of ribosome;translation,gene_name_pattern:RPL*/RPS*;go_terms:GO:0003735,mygene.info:v3;fetched=2026-01-12,http://purl.obolibrary.org/obo/go.obo,Structural ribosomal protein (RPL*/RPS* pattern) for QC
ENSG00000265681,RPL17,18,,GO:0002181;GO:0003723;GO:0003735;GO:0005515;GO:0005634;GO:0005737;GO:0005783;GO:0005829;GO:0005840;GO:0006412;GO:0006941;GO:0007283;GO:0015934;GO:0022625;GO:0022626;GO:1901740;GO:1990904,RNA binding;cytoplasm;cytoplasmic translation;cytosol;cytosolic large ribosomal subunit;cytosolic ribosome;endoplasmic reticulum;large ribosomal subunit;negative regulation of myoblast fusion;nucleus;protein binding;ribonucleoprotein complex;ribosome;spermatogenesis;striated muscle contraction;structural constituent of ribosome;translation,gene_name_pattern:RPL*/RPS*;go_terms:GO:0003735,mygene.info:v3;fetched=2026-01-12,http://purl.obolibrary.org/obo/go.obo,Structural ribosomal protein (RPL*/RPS* pattern) for QC
ENSG00000275323,RPS9,19,,GO:0002181;GO:0003723;GO:0003735;GO:0005515;GO:0005634;GO:0005654;GO:0005730;GO:0005737;GO:0005829;GO:0005840;GO:0005925;GO:0006412;GO:0015935;GO:0016020;GO:0019843;GO:0022626;GO:0022627;GO:0032040;GO:0042274;GO:0045202;GO:0070062;GO:1990904,RNA binding;cytoplasm;cytoplasmic translation;cytosol;cytosolic ribosome;cytosolic small ribosomal subunit;extracellular exosome;focal adhesion;membrane;nucleolus;nucleoplasm;nucleus;protein binding;rRNA binding;ribonucleoprotein complex;ribosomal small subunit biogenesis;ribosome;small ribosomal subunit;small-subunit processome;structural constituent of ribosome;synapse;translation,gene_name_pattern:RPL*/RPS*;go_terms:GO:0003735,mygene.info:v3;fetched=2026-01-12,http://purl.obolibrary.org/obo/go.obo,Structural ribosomal protein (RPL*/RPS* pattern) for QC
ENSG00000280969,RPS4Y2,Y,,GO:0003723;GO:0003735;GO:0005840;GO:0006412;GO:0019843;GO:0022627;GO:1990904,RNA binding;cytosolic small ribosomal subunit;rRNA binding;ribonucleoprotein complex;ribosome;structural constituent of ribosome;translation,gene_name_pattern:RPL*/RPS*;go_terms:GO:0003735,mygene.info:v3;fetched=2026-01-12,http://purl.obolibrary.org/obo/go.obo,Structural ribosomal protein (RPL*/RPS* pattern) for QC
ENSG00000291931,RPS2,16,,GO:0002181;GO:0003723;GO:0003729;GO:0003735;GO:0005515;GO:0005634;GO:0005654;GO:0005730;GO:0005737;GO:0005829;GO:0005840;GO:0005925;GO:0006412;GO:0015935;GO:0016020;GO:0017134;GO:0019899;GO:0022626;GO:0022627;GO:0045296;GO:0051443;GO:0070062;GO:1990904,RNA binding;cadherin binding;cytoplasm;cytoplasmic translation;cytosol;cytosolic ribosome;cytosolic small ribosomal subunit;enzyme binding;extracellular exosome;fibroblast growth factor binding;focal adhesion;mRNA binding;membrane;nucleolus;nucleoplasm;nucleus;positive regulation of ubiquitin-protein transferase activity;protein binding;ribonucleoprotein complex;ribosome;small ribosomal subunit;structural constituent of ribosome;translation,gene_name_pattern:RPL*/RPS*;go_terms:GO:0003735,mygene.info:v3;fetched=2026-01-12,http://purl.obolibrary.org/obo/go.obo,Structural ribosomal protein (RPL*/RPS* pattern) for QC
